Krutthika,1,B,Suddha Ekadasi,THUS,1-Jan-15,
Rohini,1,B,Suddha Dwadasi,FRI,2-Jan-15,
Mrugasira,1,B,Suddha Thrayodasi,SAT,3-Jan-15,
Punarvasu,1,B*,Poornima,MON,5-Jan-15,
Punarvasu,4,E,Bahula Padyami,TUE,6-Jan-15,
Pushyami,4,M,Bahula Vidhiya,WED,7-Jan-15,
Aasleesha,4,B,Bahula Thadhiya,THUS,8-Jan-15,
Magha,3,E,Bahula Chavithi,FRI,9-Jan-15,
Poorva Phalguni,2,B,Bahula Panchami,SAT,10-Jan-15,
Hastha,2,M,Bahula Saptami,MON,12-Jan-15,
Chitra,2,B,Bahula Astami,TUE,13-Jan-15,
Swathi,1,E*,Bahula Navami,WED,14-Jan-15,
Visakha,1,E,Bahula Dasami,THUS,15-Jan-15,
Anuradha,1,M,Bahula Ekadasi,FRI,16-Jan-15,
Jyeshta,1,M,Bahula Dwadasi,SAT,17-Jan-15,
Poorva Aashada,1,E,Bahula Chaturdhasi,MON,19-Jan-15,
Utthara Aaashada,1,E,Amaavaasya,TUE,20-Jan-15,
Sravanam,2,B,Suddha Padyami,WED,21-Jan-15,
Dhanishta,2,M,Suddha Vidhiya,THUS,22-Jan-15,
Sathabhisham,2,M,Suddha Thadhiya,FRI,23-Jan-15,
Poorva Bhaadhra,3,B*,Suddha Chavithi,SAT,24-Jan-15,
Revathi,3,M,Suddha Saptami,MON,26-Jan-15,
Ashwani,3,E,Suddha Astami,TUE,27-Jan-15,
Bharani,3,E,Suddha Navami,WED,28-Jan-15,
Krutthika,3,E*,Suddha Dasami,THUS,29-Jan-15,
Rohini,4,B*,Suddha Ekadasi,FRI,30-Jan-15,
Mrugasira,3,E*,Suddha Dwadasi,SAT,31-Jan-15,
Punarvasu,3,M,Suddha Chaturdhasi,MON,2-Feb-15,
Pushyami,3,M,Poornima,TUE,3-Feb-15,
Aasleesha,2,E*,Bahula Padyami,WED,4-Feb-15,
Magha,2,M,Bahula Vidhiya,THUS,5-Feb-15,
Poorva Phalguni,2,M,Bahula Vidhiya,FRI,6-Feb-15,
Utthara Phalguni,1,E,Bahula Thadhiya,SAT,7-Feb-15,
Chitra,1,B,Bahula Panchami,MON,9-Feb-15,
Chitra,4,E,Bahula Shashti,TUE,10-Feb-15,
Swathi,4,E,Bahula Saptami,WED,11-Feb-15,
Visakha,4,E,Bahula Astami,THUS,12-Feb-15,
Anuradha,4,M,Bahula Navami,FRI,13-Feb-15,
Jyeshta,4,M,Bahula Dasami,SAT,14-Feb-15,
Poorva Aashada,4,M,Bahula Dwadasi,MON,16-Feb-15,
Utthara Aaashada,4,E,Bahula Thrayodasi,TUE,17-Feb-15,
Sravanam,4,E*,Bahula Chaturdhasi,WED,18-Feb-15,
Sathabhisham,1,B,Amaavaasya,THUS,19-Feb-15,
Poorva Bhaadhra,1,M,Suddha Vidhiya,FRI,20-Feb-15,
Utthara Bhaadra,1,E,Suddha Thadhiya,SAT,21-Feb-15,
Ashwani,2,M,Suddha Panchami,MON,23-Feb-15,
Bharani,2,M,Suddha Shashti,TUE,24-Feb-15,
Krutthika,2,E,Suddha Saptami,WED,25-Feb-15,
Rohini,2,E,Suddha Astami,THUS,26-Feb-15,
Mrugasira,2,E,Suddha Navami,FRI,27-Feb-15,
Aardhra,2,E,Suddha Dasami,SAT,28-Feb-15,
Pushyami,2,B,Suddha Dwadasi,MON,2-Mar-15,
Aasleesha,1,E,Suddha Thrayodasi,TUE,3-Mar-15,
Magha,1,E,Suddha Chaturdhasi,WED,4-Mar-15,
Poorva Phalguni,1,B,Poornima,THUS,5-Mar-15,
Poorva Phalguni,4,E,Bahula Padyami,FRI,6-Mar-15,
Utthara Phalguni,4,B,Bahula Vidhiya,SAT,7-Mar-15,
Chitra,3,E,Bahula Chavithi,MON,9-Mar-15,
Swathi,3,M,Bahula Panchami,TUE,10-Mar-15,
Visakha,3,M,Bahula Panchami,WED,11-Mar-15,
Anuradha,3,B,Bahula Shashti,THUS,12-Mar-15,
Jyeshta,3,M,Bahula Saptami,FRI,13-Mar-15,
Moola,3,B,Bahula Navami,SAT,14-Mar-15,
Utthara Aaashada,3,B,Bahula Ekadasi,MON,16-Mar-15,
Sravanam,3,M,Bahula Dwadasi,TUE,17-Mar-15,
Dhanishta,3,M,Bahula Thrayodasi,WED,18-Mar-15,
Sathabhisham,4,B,Bahula Chaturdhasi,THUS,19-Mar-15,
Poorva Bhaadhra,4,M,Amaavaasya,FRI,20-Mar-15,
Utthara Bhaadra,4,E,Suddha Padyami,SAT,21-Mar-15,
Bharani,1,B,Suddha Thadhiya,MON,23-Mar-15,
Krutthika,1,B,Suddha Chavithi,TUE,24-Mar-15,
Rohini,1,M,Suddha Panchami,WED,25-Mar-15,
Mrugasira,1,M,Suddha Saptami,THUS,26-Mar-15,
Aardhra,1,M,Suddha Astami,FRI,27-Mar-15,
Punarvasu,1,B,Suddha Navami,SAT,28-Mar-15,
Pushyami,4,E,Suddha Dasami,MON,30-Mar-15,
Aasleesha,4,M,Suddha Ekadasi,TUE,31-Mar-15,
Magha,4,B,Suddha Dwadasi,WED,1-Apr-15,
Poorva Phalguni,3,M,Suddha Thrayodasi,THUS,2-Apr-15,
Utthara Phalguni,3,M,Suddha Chaturdhasi,FRI,3-Apr-15,
Hastha,2,E,Poornima,SAT,4-Apr-15,
Swathi,2,M,Bahula Vidhiya,MON,6-Apr-15,
Visakha,2,M,Bahula Thadhiya,TUE,7-Apr-15,
Anuradha,1,E,Bahula Chavithi,WED,8-Apr-15,
Jyeshta,1,E,Bahula Panchami,THUS,9-Apr-15,
Moola,1,E,Bahula Shashti,FRI,10-Apr-15,
Poorva Aashada,1,E,Bahula Saptami,SAT,11-Apr-15,
Sravanam,2,B,Bahula Navami,MON,13-Apr-15,
Dhanishta,2,M,Bahula Dasami,TUE,14-Apr-15,
Sathabhisham,2,M,Bahula Ekadasi,WED,15-Apr-15,
Poorva Bhaadhra,2,M,Bahula Dwadasi,THUS,16-Apr-15,
Utthara Bhaadra,3,B,Bahula Chaturdhasi,FRI,17-Apr-15,
Revathi,3,M,Amaavaasya,SAT,18-Apr-15,
Bharani,3,E*,Suddha Vidhiya,MON,20-Apr-15,
Krutthika,4,B,Suddha Thadhiya,TUE,21-Apr-15,
Rohini,4,B,Suddha Chavithi,WED,22-Apr-15,
Mrugasira,4,M,Suddha Panchami,THUS,23-Apr-15,
Aardhra,4,B,Suddha Shashti,FRI,24-Apr-15,
Punarvasu,3,E,Suddha Saptami,SAT,25-Apr-15,
Aasleesha,3,M,Suddha Navami,MON,27-Apr-15,
Magha,3,B*,Suddha Dasami,TUE,28-Apr-15,
Poorva Phalguni,2,E,Suddha Ekadasi,WED,29-Apr-15,
Utthara Phalguni,2,M,Suddha Dwadasi,THUS,30-Apr-15,
Hastha,1,M,Suddha Thrayodasi,FRI,1-May-15,
Chitra,1,M,Suddha Thrayodasi,SAT,2-May-15,
Swathi,4,E,Poornima,MON,4-May-15,
Visakha,4,E,Bahula Padyami,TUE,5-May-15,
Anuradha,4,M,Bahula Vidhiya,WED,6-May-15,
Jyeshta,4,M,Bahula Thadhiya,THUS,7-May-15,
Moola,4,M,Bahula Chavithi,FRI,8-May-15,
Poorva Aashada,4,E,Bahula Panchami,SAT,9-May-15,
Sravanam,4,E*,Bahula Astami,MON,11-May-15,
Sathabhisham,1,B,Bahula Navami,TUE,12-May-15,
Poorva Bhaadhra,1,M,Bahula Dasami,WED,13-May-15,
Utthara Bhaadra,1,M,Bahula Ekadasi,THUS,14-May-15,
Revathi,2,B,Bahula Dwadasi,FRI,15-May-15,
Ashwani,2,M,Bahula Thrayodasi,SAT,16-May-15,
Krutthika,2,M,Amaavaasya,MON,18-May-15,
Rohini,2,E,Suddha Padyami,TUE,19-May-15,
Mrugasira,2,E,Suddha Vidhiya,WED,20-May-15,
Aardhra,2,E,Suddha Thadhiya,THUS,21-May-15,
Punarvasu,2,E,Suddha Chavithi,FRI,22-May-15,
Pushyami,2,M,Suddha Panchami,SAT,23-May-15,
Magha,2,B,Suddha Saptami,MON,25-May-15,
Poorva Phalguni,1,M,Suddha Astami,TUE,26-May-15,
Utthara Phalguni,1,B,Suddha Navami,WED,27-May-15,
Utthara Phalguni,4,E,Suddha Dasami,THUS,28-May-15,
Hastha,4,M,Suddha Ekadasi,FRI,29-May-15,
Chitra,4,B,Suddha Dwadasi,SAT,30-May-15,
Visakha,3,M,Suddha Chaturdhasi,MON,1-Jun-15,
Anuradha,3,M,Poornima,TUE,2-Jun-15,
Jyeshta,3,M,Bahula Padyami,WED,3-Jun-15,
Moola,3,B,Bahula Vidhiya,THUS,4-Jun-15,
Poorva Aashada,3,B,Bahula Thadhiya,FRI,5-Jun-15,
Utthara Aaashada,3,M,Bahula Chavithi,SAT,6-Jun-15,
Dhanishta,3,E,Bahula Shashti,MON,8-Jun-15,
Sathabhisham,3,M,Bahula Saptami,TUE,9-Jun-15,
Poorva Bhaadhra,4,M,Bahula Astami,WED,10-Jun-15,
Utthara Bhaadra,4,E,Bahula Navami,THUS,11-Jun-15,
Revathi,4,E,Bahula Ekadasi,FRI,12-Jun-15,
Bharani,1,B,Bahula Dwadasi,SAT,13-Jun-15,
Rohini,1,M,Bahula Chaturdhasi,MON,15-Jun-15,
Mrugasira,1,M,Amaavaasya,TUE,16-Jun-15,
Aardhra,1,M,Suddha Padyami,WED,17-Jun-15,
Punarvasu,1,M,Suddha Vidhiya,THUS,18-Jun-15,
Pushyami,1,B,Suddha Thadhiya,FRI,19-Jun-15,
Aasleesha,1,B,Suddha Chavithi,SAT,20-Jun-15,
Magha,4,M,Suddha Shashti,MON,22-Jun-15,
Poorva Phalguni,4,B*,Suddha Saptami,TUE,23-Jun-15,
Utthara Phalguni,3,M,Suddha Astami,WED,24-Jun-15,
Hastha,3,M,Suddha Navami,THUS,25-Jun-15,
Chitra,2,E,Suddha Dasami,FRI,26-Jun-15,
Swathi,2,M,Suddha Dasami,SAT,27-Jun-15,
Anuradha,2,B,Suddha Dwadasi,MON,29-Jun-15,
Jyeshta,1,E,Suddha Thrayodasi,TUE,30-Jun-15,
Moola,1,E,Suddha Chaturdhasi,WED,1-Jul-15,
Poorva Aashada,1,E,Poornima,THUS,2-Jul-15,
Utthara Aaashada,1,E*,Bahula Padyami,FRI,3-Jul-15,
Sravanam,2,B*,Bahula Thadhiya,SAT,4-Jul-15,
Sathabhisham,2,M,Bahula Panchami,MON,6-Jul-15,
Poorva Bhaadhra,2,E,Bahula Shashti,TUE,7-Jul-15,
Utthara Bhaadra,3,B,Bahula Saptami,WED,8-Jul-15,
Revathi,2,M,Bahula Astami,THUS,9-Jul-15,
Ashwani,3,M,Bahula Navami,FRI,10-Jul-15,
Bharani,3,E,Bahula Dasami,SAT,11-Jul-15,
Rohini,4,M,Bahula Dwadasi,MON,13-Jul-15,
Mrugasira,4,M,Bahula Thrayodasi,TUE,14-Jul-15,
Aardhra,4,M,Bahula Chaturdhasi,WED,15-Jul-15,
Punarvasu,4,B,Amaavaasya,THUS,16-Jul-15,
Pushyami,3,E,Suddha Padyami,FRI,17-Jul-15,
Aasleesha,3,E,Suddha Vidhiya,SAT,18-Jul-15,
Poorva Phalguni,2,E*,Suddha Chavithi,MON,20-Jul-15,
Utthara Phalguni,2,M,Suddha Panchami,TUE,21-Jul-15,
Hastha,1,E,Suddha Shashti,WED,22-Jul-15,
Chitra,2,B*,Suddha Saptami,THUS,23-Jul-15,
Swathi,1,M,Suddha Astami,FRI,24-Jul-15,
Visakha,1,B,Suddha Navami,SAT,25-Jul-15,
Anuradha,4,E,Suddha Ekadasi,MON,27-Jul-15,
Jyeshta,4,M,Suddha Dwadasi,TUE,28-Jul-15,
Moola,4,M,Suddha Thrayodasi,WED,29-Jul-15,
Poorva Aashada,4,M,Suddha Chaturdhasi,THUS,30-Jul-15,
Utthara Aaashada,4,E,Poornima,FRI,31-Jul-15,
Sravanam,4,E,Bahula Padyami,SAT,1-Aug-15,
Poorva Bhaadhra,1,B,Bahula Thadhiya,MON,3-Aug-15,
Utthara Bhaadra,1,E,Bahula Chavithi,TUE,4-Aug-15,
Revathi,1,E*,Bahula Shashti,WED,5-Aug-15,
Ashwani,2,B,Bahula Saptami,THUS,6-Aug-15,
Bharani,2,M,Bahula Astami,FRI,7-Aug-15,
Krutthika,2,M,Bahula Navami,SAT,8-Aug-15,
Mrugasira,2,E*,Bahula Ekadasi,MON,10-Aug-15,
Aardhra,2,E*,Bahula Dwadasi,TUE,11-Aug-15,
Punarvasu,2,E,Bahula Thrayodasi,WED,12-Aug-15,
Pushyami,2,E,Bahula Chaturdhasi,THUS,13-Aug-15,
Aasleesha,2,M,Amaavaasya,FRI,14-Aug-15,
Magha,2,M,Suddha Padyami,SAT,15-Aug-15,
Utthara Phalguni,1,M,Suddha Thadhiya,MON,17-Aug-15,
Hastha,1,B,Suddha Chavithi,TUE,18-Aug-15,
Hastha,4,E,Suddha Panchami,WED,19-Aug-15,
Chitra,4,M,Suddha Shashti,THUS,20-Aug-15,
Swathi,3,E*,Suddha Shashti,FRI,21-Aug-15,
Visakha,3,E,Suddha Saptami,SAT,22-Aug-15,
Jyeshta,3,M,Suddha Navami,MON,24-Aug-15,
Moola,3,M,Suddha Dasami,TUE,25-Aug-15,
Poorva Aashada,3,M,Suddha Ekadasi,WED,26-Aug-15,
Utthara Aaashada,3,M,Suddha Dwadasi,THUS,27-Aug-15,
Sravanam,3,M,Suddha Chaturdhasi,FRI,28-Aug-15,
Dhanishta,3,E,Poornima,SAT,29-Aug-15,
Poorva Bhaadhra,4,B,Bahula Vidhiya,MON,31-Aug-15,
Utthara Bhaadra,4,M,Bahula Thadhiya,TUE,1-Sep-15,
Revathi,4,E,Bahula Chavithi,WED,2-Sep-15,
Bharani,1,B*,Bahula Panchami,THUS,3-Sep-15,
Krutthika,1,B,Bahula Shashti,FRI,4-Sep-15,
Rohini,1,M,Bahula Saptami,SAT,5-Sep-15,
Aardhra,1,M,Bahula Navami,MON,7-Sep-15,
Punarvasu,2,B,Bahula Dasami,TUE,8-Sep-15,
Pushyami,1,M,Bahula Ekadasi,WED,9-Sep-15,
Aasleesha,1,B,Bahula Dwadasi,THUS,10-Sep-15,
Magha,1,B,Bahula Thrayodasi,FRI,11-Sep-15,
Magha,4,E,Bahula Chaturdhasi,SAT,12-Sep-15,
Utthara Phalguni,4,B*,Suddha Padyami,MON,14-Sep-15,
Hastha,3,M,Suddha Vidhiya,TUE,15-Sep-15,
Chitra,3,B,Suddha Thadhiya,WED,16-Sep-15,
Swathi,2,E,Suddha Chavithi,THUS,17-Sep-15,
Visakha,2,M,Suddha Panchami,FRI,18-Sep-15,
Anuradha,2,M,Suddha Shashti,SAT,19-Sep-15,
Moola,2,B,Suddha Astami,MON,21-Sep-15,
Poorva Aashada,1,E*,Suddha Navami,TUE,22-Sep-15,
Utthara Aaashada,1,E*,Suddha Dasami,WED,23-Sep-15,
Sravanam,2,B*,Suddha Ekadasi,THUS,24-Sep-15,
Dhanishta,2,B,Suddha Dwadasi,FRI,25-Sep-15,
Sathabhisham,2,M,Suddha Thrayodasi,SAT,26-Sep-15,
Utthara Bhaadra,3,B*,Poornima,MON,28-Sep-15,
Revathi,3,M,Bahula Padyami,TUE,29-Sep-15,
Ashwani,3,M,Bahula Thadhiya,WED,30-Sep-15,
Bharani,3,M,Bahula Chavithi,THUS,1-Oct-15,
Krutthika,4,B,Bahula Panchami,FRI,2-Oct-15,
Rohini,4,B,Bahula Shashti,SAT,3-Oct-15,
Aardhra,4,M,Bahula Astami,MON,5-Oct-15,
Punarvasu,4,M,Bahula Navami,TUE,6-Oct-15,
Pushyami,4,M,Bahula Dasami,WED,7-Oct-15,
Aasleesha,3,E*,Bahula Ekadasi,THUS,8-Oct-15,
Magha,3,M,Bahula Dwadasi,FRI,9-Oct-15,
Poorva Phalguni,3,M,Bahula Thrayodasi,SAT,10-Oct-15,
Hastha,2,M,Amaavaasya,MON,12-Oct-15,
Chitra,2,M,Suddha Padyami,TUE,13-Oct-15,
Swathi,2,B*,Suddha Padyami,WED,14-Oct-15,
Visakha,1,M,Suddha Vidhiya,THUS,15-Oct-15,
Anuradha,1,B,Suddha Thadhiya,FRI,16-Oct-15,
Anuradha,4,E*,Suddha Chavithi,SAT,17-Oct-15,
Moola,4,E,Suddha Shashti,MON,19-Oct-15,
Poorva Aashada,4,E,Suddha Saptami,TUE,20-Oct-15,
Utthara Aaashada,4,E,Suddha Astami,WED,21-Oct-15,
Sravanam,4,E*,Suddha Navami,THUS,22-Oct-15,
Sathabhisham,1,B,Suddha Ekadasi,FRI,23-Oct-15,
Poorva Bhaadhra,1,B,Suddha Dwadasi,SAT,24-Oct-15,
Revathi,1,E*,Suddha Chaturdhasi,MON,26-Oct-15,
Ashwani,2,B,Poornima,TUE,27-Oct-15,
Bharani,2,M,Bahula Padyami,WED,28-Oct-15,
Krutthika,2,M,Bahula Vidhiya,THUS,29-Oct-15,
Rohini,2,B*,Bahula Thadhiya,FRI,30-Oct-15,
Mrugasira,3,B*,Bahula Chavithi,SAT,31-Oct-15,
Punarvasu,3,B*,Bahula Shashti,MON,2-Nov-15,
Pushyami,2,E*,Bahula Saptami,TUE,3-Nov-15,
Aasleesha,2,E,Bahula Astami,WED,4-Nov-15,
Magha,2,M,Bahula Navami,THUS,5-Nov-15,
Poorva Phalguni,2,M,Bahula Dasami,FRI,6-Nov-15,
Utthara Phalguni,1,E*,Bahula Ekadasi,SAT,7-Nov-15,
Chitra,1,B,Bahula Thrayodasi,MON,9-Nov-15,
Chitra,4,E,Bahula Chaturdhasi,TUE,10-Nov-15,
Swathi,4,M,Amaavaasya,WED,11-Nov-15,
Visakha,4,B*,Suddha Padyami,THUS,12-Nov-15,
Anuradha,3,E,Suddha Vidhiya,FRI,13-Nov-15,
Jyeshta,3,E,Suddha Thadhiya,SAT,14-Nov-15,
Poorva Aashada,3,B*,Suddha Panchami,MON,16-Nov-15,
Utthara Aaashada,3,M,Suddha Shashti,TUE,17-Nov-15,
Sravanam,3,M,Suddha Saptami,WED,18-Nov-15,
Dhanishta,3,M,Suddha Astami,THUS,19-Nov-15,
Sathabhisham,3,E*,Suddha Navami,FRI,20-Nov-15,
Poorva Bhaadhra,4,B,Suddha Dasami,SAT,21-Nov-15,
Revathi,4,E,Suddha Dwadasi,MON,23-Nov-15,
Bharani,1,B*,Suddha Thrayodasi,TUE,24-Nov-15,
Krutthika,1,B,Poornima,WED,25-Nov-15,
Rohini,1,M,Bahula Padyami,THUS,26-Nov-15,
Mrugasira,1,M,Bahula Vidhiya,FRI,27-Nov-15,
Aardhra,1,M,Bahula Thadhiya,SAT,28-Nov-15,
Pushyami,1,E,Bahula Panchami,MON,30-Nov-15,
Aasleesha,1,E,Bahula Shashti,TUE,1-Dec-15,
Magha,1,M,Bahula Saptami,WED,2-Dec-15,
Poorva Phalguni,1,B,Bahula Astami,THUS,3-Dec-15,
Poorva Phalguni,4,E,Bahula Navami,FRI,4-Dec-15,
Utthara Phalguni,4,M,Bahula Dasami,SAT,5-Dec-15,
Chitra,3,M,Bahula Ekadasi,MON,7-Dec-15,
Swathi,3,B,Bahula Dwadasi,TUE,8-Dec-15,
Visakha,3,B*,Bahula Thrayodasi,WED,9-Dec-15,
Anuradha,2,E,Bahula Chaturdhasi,THUS,10-Dec-15,
Jyeshta,2,M,Amaavaasya,FRI,11-Dec-15,
Moola,2,B,Suddha Padyami,SAT,12-Dec-15,
Utthara Aaashada,2,B,Suddha Thadhiya,MON,14-Dec-15,
Sravanam,2,B,Suddha Chavithi,TUE,15-Dec-15,
Dhanishta,2,M,Suddha Panchami,WED,16-Dec-15,
Sathabhisham,2,M,Suddha Shashti,THUS,17-Dec-15,
Poorva Bhaadhra,2,E,Suddha Saptami,FRI,18-Dec-15,
Utthara Bhaadra,2,E*,Suddha Astami,SAT,19-Dec-15,
Ashwani,3,M,Suddha Ekadasi,MON,21-Dec-15,
Bharani,3,E,Suddha Dwadasi,TUE,22-Dec-15,
Krutthika,4,B,Suddha Thrayodasi,WED,23-Dec-15,
Rohini,4,M,Suddha Chaturdhasi,THUS,24-Dec-15,
Mrugasira,4,M,Poornima,FRI,25-Dec-15,
Aardhra,4,M,Bahula Padyami,SAT,26-Dec-15,
Pushyami,4,M,Bahula Thadhiya,MON,28-Dec-15,
Aasleesha,4,M,Bahula Chavithi,TUE,29-Dec-15,
Magha,4,B,Bahula Panchami,WED,30-Dec-15,
Poorva Phalguni,3,E,Bahula Shashti,THUS,31-Dec-15,
Utthara Phalguni,3,M,Bahula Saptami,FRI,1-Jan-16,
Hastha,2,E*,Bahula Astami,SAT,2-Jan-16,
Swathi,1,E*,Bahula Dasami,MON,4-Jan-16,
Visakha,1,E,Bahula Ekadasi,TUE,5-Jan-16,
Anuradha,1,M,Bahula Dwadasi,WED,6-Jan-16,
Jyeshta,1,B,Bahula Thrayodasi,THUS,7-Jan-16,
Jyeshta,4,E*,Bahula Thrayodasi,FRI,8-Jan-16,
Moola,4,E,Bahula Chaturdhasi,SAT,9-Jan-16,
Utthara Aaashada,4,E,Suddha Padyami,MON,11-Jan-16,
Sravanam,4,E,Suddha Thadhiya,TUE,12-Jan-16,
Sathabhisham,1,B*,Suddha Chavithi,WED,13-Jan-16,
Poorva Bhaadhra,1,B,Suddha Panchami,THUS,14-Jan-16,
Utthara Bhaadra,1,M,Suddha Shashti,FRI,15-Jan-16,
Revathi,1,E,Suddha Saptami,SAT,16-Jan-16,
Bharani,2,B,Suddha Navami,MON,18-Jan-16,
Krutthika,2,E,Suddha Dasami,TUE,19-Jan-16,
Rohini,2,E,Suddha Ekadasi,WED,20-Jan-16,
Mrugasira,3,B*,Suddha Dwadasi,THUS,21-Jan-16,
Aardhra,3,B,Suddha Thrayodasi,FRI,22-Jan-16,
Punarvasu,3,B,Suddha Chaturdhasi,SAT,23-Jan-16,
Aasleesha,2,E*,Bahula Padyami,MON,25-Jan-16,
Magha,2,E,Bahula Vidhiya,TUE,26-Jan-16,
Poorva Phalguni,2,E,Bahula Thadhiya,WED,27-Jan-16,
Utthara Phalguni,2,B,Bahula Chavithi,THUS,28-Jan-16,
Hastha,1,E,Bahula Panchami,FRI,29-Jan-16,
Chitra,1,E,Bahula Shashti,SAT,30-Jan-16,
Swathi,4,E,Bahula Astami,MON,1-Feb-16,
Visakha,4,M,Bahula Navami,TUE,2-Feb-16,
Anuradha,4,B,Bahula Dasami,WED,3-Feb-16,
Jyeshta,3,E,Bahula Ekadasi,THUS,4-Feb-16,
Moola,3,E,Bahula Dwadasi,FRI,5-Feb-16,
Poorva Aashada,3,M,Bahula Thrayodasi,SAT,6-Feb-16,
Sravanam,3,M,Amaavaasya,MON,8-Feb-16,
Dhanishta,3,M,Suddha Padyami,TUE,9-Feb-16,
Sathabhisham,3,E,Suddha Vidhiya,WED,10-Feb-16,
Poorva Bhaadhra,4,M,Suddha Thadhiya,THUS,11-Feb-16,
Utthara Bhaadra,4,M,Suddha Chavithi,FRI,12-Feb-16,
Revathi,4,E,Suddha Panchami,SAT,13-Feb-16,
Krutthika,1,B,Suddha Astami,MON,15-Feb-16,
Rohini,1,M,Suddha Navami,TUE,16-Feb-16,
Mrugasira,1,M,Suddha Dasami,WED,17-Feb-16,
Aardhra,1,E,Suddha Ekadasi,THUS,18-Feb-16,
Punarvasu,1,E,Suddha Dwadasi,FRI,19-Feb-16,
Pushyami,1,E,Suddha Thrayodasi,SAT,20-Feb-16,
Magha,1,E,Poornima,MON,22-Feb-16,
Poorva Phalguni,1,E,Bahula Padyami,TUE,23-Feb-16,
Utthara Phalguni,1,B*,Bahula Vidhiya,WED,24-Feb-16,
Utthara Phalguni,4,E,Bahula Thadhiya,THUS,25-Feb-16,
Hastha,4,M,Bahula Chavithi,FRI,26-Feb-16,
Chitra,3,E*,Bahula Panchami,SAT,27-Feb-16,
Visakha,3,M,Bahula Shashti,MON,29-Feb-16,
Anuradha,2,E*,Bahula Saptami,TUE,1-Mar-16,
Jyeshta,2,M,Bahula Astami,WED,2-Mar-16,
Moola,2,M,Bahula Navami,THUS,3-Mar-16,
Poorva Aashada,2,M,Bahula Dasami,FRI,4-Mar-16,
Utthara Aaashada,2,M,Bahula Ekadasi,SAT,5-Mar-16,
Dhanishta,2,M,Bahula Thrayodasi,MON,7-Mar-16,
Sathabhisham,2,M,Bahula Chaturdhasi,TUE,8-Mar-16,
Poorva Bhaadhra,2,M,Amaavaasya,WED,9-Mar-16,
Utthara Bhaadra,2,E*,Suddha Vidhiya,THUS,10-Mar-16,
Revathi,3,B,Suddha Thadhiya,FRI,11-Mar-16,
Ashwani,3,M,Suddha Chavithi,SAT,12-Mar-16,
Krutthika,4,B*,Suddha Shashti,MON,14-Mar-16,
Rohini,4,M,Suddha Saptami,TUE,15-Mar-16,
Mrugasira,4,M,Suddha Astami,WED,16-Mar-16,
Aardhra,4,M,Suddha Navami,THUS,17-Mar-16,
Punarvasu,4,E,Suddha Dasami,FRI,18-Mar-16,
Pushyami,4,M,Suddha Ekadasi,SAT,19-Mar-16,
Magha,4,B,Suddha Thrayodasi,MON,21-Mar-16,
Poorva Phalguni,3,E*,Suddha Chaturdhasi,TUE,22-Mar-16,
Utthara Phalguni,3,M,Poornima,WED,23-Mar-16,
Hastha,3,M,Bahula Padyami,THUS,24-Mar-16,
Chitra,2,E,Bahula Vidhiya,FRI,25-Mar-16,
Swathi,2,M,Bahula Thadhiya,SAT,26-Mar-16,
Anuradha,2,B*,Bahula Panchami,MON,28-Mar-16,
Jyeshta,2,M,Bahula Shashti,TUE,29-Mar-16,
Moola,1,B,Bahula Saptami,WED,30-Mar-16,
Poorva Aashada,1,B*,Bahula Astami,THUS,31-Mar-16,
Poorva Aashada,4,E*,Bahula Navami,FRI,1-Apr-16,
Utthara Aaashada,4,E,Bahula Dasami,SAT,2-Apr-16,
Sathabhisham,1,B*,Bahula Dwadasi,MON,4-Apr-16,
Poorva Bhaadhra,1,B,Bahula Thrayodasi,TUE,5-Apr-16,
Utthara Bhaadra,1,M,Bahula Chaturdhasi,WED,6-Apr-16,
Revathi,1,E,Amaavaasya,THUS,7-Apr-16,
Ashwani,2,B*,Suddha Padyami,FRI,8-Apr-16,
Bharani,2,M,Suddha Vidhiya,SAT,9-Apr-16,
Rohini,2,E,Suddha Chavithi,MON,11-Apr-16,
Mrugasira,3,B*,Suddha Panchami,TUE,12-Apr-16,
Aardhra,3,B,Suddha Saptami,WED,13-Apr-16,
Punarvasu,3,M,Suddha Astami,THUS,14-Apr-16,
Pushyami,3,M,Suddha Navami,FRI,15-Apr-16,
Aasleesha,3,M,Suddha Dasami,SAT,16-Apr-16,
Poorva Phalguni,2,E,Suddha Dwadasi,MON,18-Apr-16,
Utthara Phalguni,2,M,Suddha Thrayodasi,TUE,19-Apr-16,
Hastha,1,E,Suddha Chaturdhasi,WED,20-Apr-16,
Chitra,2,B,Suddha Chaturdhasi,THUS,21-Apr-16,
Swathi,2,M,Poornima,FRI,22-Apr-16,
Visakha,1,B,Bahula Padyami,SAT,23-Apr-16,
Anuradha,4,M,Bahula Thadhiya,MON,25-Apr-16,
Jyeshta,4,B,Bahula Chavithi,TUE,26-Apr-16,
Moola,3,E,Bahula Panchami,WED,27-Apr-16,
Poorva Aashada,3,E,Bahula Shashti,THUS,28-Apr-16,
Utthara Aaashada,3,M,Bahula Saptami,FRI,29-Apr-16,
Sravanam,3,M,Bahula Astami,SAT,30-Apr-16,
Sathabhisham,3,E,Bahula Dasami,MON,2-May-16,
Poorva Bhaadhra,4,B*,Bahula Ekadasi,TUE,3-May-16,
Utthara Bhaadra,4,B,Bahula Dwadasi,WED,4-May-16,
Revathi,4,M,Bahula Thrayodasi,THUS,5-May-16,
Ashwani,4,E,Amaavaasya,FRI,6-May-16,
Krutthika,1,B,Suddha Padyami,SAT,7-May-16,
Mrugasira,1,M,Suddha Thadhiya,MON,9-May-16,
Aardhra,1,E,Suddha Chavithi,TUE,10-May-16,
Punarvasu,1,E*,Suddha Panchami,WED,11-May-16,
Pushyami,2,B*,Suddha Shashti,THUS,12-May-16,
Aasleesha,2,B*,Suddha Saptami,FRI,13-May-16,
Magha,1,E*,Suddha Astami,SAT,14-May-16,
Utthara Phalguni,1,M,Suddha Dasami,MON,16-May-16,
Hastha,1,B,Suddha Ekadasi,TUE,17-May-16,
Hastha,4,E,Suddha Dwadasi,WED,18-May-16,
Chitra,4,M,Suddha Thrayodasi,THUS,19-May-16,
Swathi,3,E*,Suddha Chaturdhasi,FRI,20-May-16,
Visakha,3,M,Poornima,SAT,21-May-16,
Jyeshta,2,E*,Bahula Vidhiya,MON,23-May-16,
Moola,2,M,Bahula Thadhiya,TUE,24-May-16,
Poorva Aashada,2,M,Bahula Chavithi,WED,25-May-16,
Utthara Aaashada,2,M,Bahula Panchami,THUS,26-May-16,
Sravanam,2,B,Bahula Shashti,FRI,27-May-16,
Dhanishta,2,M,Bahula Saptami,SAT,28-May-16,
Poorva Bhaadhra,2,M,Bahula Navami,MON,30-May-16,
Utthara Bhaadra,2,E,Bahula Dasami,TUE,31-May-16,
Revathi,3,B,Bahula Ekadasi,WED,1-Jun-16,
Ashwani,3,M,Bahula Dwadasi,THUS,2-Jun-16,
Bharani,3,M,Bahula Thrayodasi,FRI,3-Jun-16,
Krutthika,3,E*,Bahula Chaturdhasi,SAT,4-Jun-16,
Mrugasira,4,M,Suddha Padyami,MON,6-Jun-16,
Aardhra,4,M,Suddha Thadhiya,TUE,7-Jun-16,
Punarvasu,4,E,Suddha Chavithi,WED,8-Jun-16,
Pushyami,4,E,Suddha Panchami,THUS,9-Jun-16,
Aasleesha,4,E,Suddha Shashti,FRI,10-Jun-16,
Magha,4,M,Suddha Saptami,SAT,11-Jun-16,
Utthara Phalguni,3,E*,Suddha Navami,MON,13-Jun-16,
Hastha,3,M,Suddha Navami,TUE,14-Jun-16,
Chitra,3,M,Suddha Dasami,WED,15-Jun-16,
Swathi,2,E,Suddha Ekadasi,THUS,16-Jun-16,
Visakha,2,M,Suddha Dwadasi,FRI,17-Jun-16,
Anuradha,2,B,Suddha Thrayodasi,SAT,18-Jun-16,
Moola,1,M,Poornima,MON,20-Jun-16,
Poorva Aashada,1,B,Bahula Padyami,TUE,21-Jun-16,
Utthara Aaashada,1,B,Bahula Vidhiya,WED,22-Jun-16,
Sravanam,1,B**,Bahula Thadhiya,THUS,23-Jun-16,
Sravanam,4,E**,Bahula Chavithi,FRI,24-Jun-16,
Sathabhisham,1,B,Bahula Panchami,SAT,25-Jun-16,
Utthara Bhaadra,1,B,Bahula Saptami,MON,27-Jun-16,
Revathi,1,M,Bahula Astami,TUE,28-Jun-16,
Ashwani,1,E,Bahula Navami,WED,29-Jun-16,
Bharani,2,B,Bahula Ekadasi,THUS,30-Jun-16,
Krutthika,2,M,Bahula Dwadasi,FRI,1-Jul-16,
Rohini,2,E,Bahula Thrayodasi,SAT,2-Jul-16,
Aardhra,3,B,Amaavaasya,MON,4-Jul-16,
Punarvasu,3,M,Suddha Padyami,TUE,5-Jul-16,
Pushyami,3,M,Suddha Vidhiya,WED,6-Jul-16,
Aasleesha,3,M,Suddha Thadhiya,THUS,7-Jul-16,
Magha,3,M,Suddha Chavithi,FRI,8-Jul-16,
Poorva Phalguni,3,B,Suddha Panchami,SAT,9-Jul-16,
Hastha,2,M,Suddha Saptami,MON,11-Jul-16,
Chitra,2,B,Suddha Astami,TUE,12-Jul-16,
Swathi,2,B,Suddha Navami,WED,13-Jul-16,
Visakha,1,M,Suddha Dasami,THUS,14-Jul-16,
Anuradha,1,B**,Suddha Ekadasi,FRI,15-Jul-16,
Anuradha,4,E,Suddha Dwadasi,SAT,16-Jul-16,
Moola,4,B,Suddha Chaturdhasi,MON,18-Jul-16,
Poorva Aashada,3,E,Poornima,TUE,19-Jul-16,
Utthara Aaashada,3,E,Bahula Padyami,WED,20-Jul-16,
Sravanam,3,M,Bahula Vidhiya,THUS,21-Jul-16,
Dhanishta,3,M,Bahula Thadhiya,FRI,22-Jul-16,
Sathabhisham,3,M,Bahula Chavithi,SAT,23-Jul-16,
Utthara Bhaadra,4,M,Bahula Shashti,MON,25-Jul-16,
Revathi,4,M,Bahula Saptami,TUE,26-Jul-16,
Ashwani,4,E,Bahula Astami,WED,27-Jul-16,
Krutthika,1,B*,Bahula Navami,THUS,28-Jul-16,
Rohini,1,M,Bahula Dasami,FRI,29-Jul-16,
Mrugasira,1,M,Bahula Ekadasi,SAT,30-Jul-16,
Punarvasu,1,E*,Bahula Chaturdhasi,MON,1-Aug-16,
Pushyami,2,B*,Amaavaasya,TUE,2-Aug-16,
Aasleesha,2,M,Suddha Padyami,WED,3-Aug-16,
Magha,2,B**,Suddha Vidhiya,THUS,4-Aug-16,
Poorva Phalguni,1,E,Suddha Thadhiya,FRI,5-Aug-16,
Utthara Phalguni,1,E,Suddha Chavithi,SAT,6-Aug-16,
Chitra,1,B*,Suddha Shashti,MON,8-Aug-16,
Chitra,4,E,Suddha Shashti,TUE,9-Aug-16,
Swathi,4,M,Suddha Saptami,WED,10-Aug-16,
Visakha,3,E*,Suddha Astami,THUS,11-Aug-16,
Anuradha,3,M,Suddha Navami,FRI,12-Aug-16,
Jyeshta,3,M,Suddha Dasami,SAT,13-Aug-16,
Poorva Aashada,2,E,Suddha Dwadasi,MON,15-Aug-16,
Utthara Aaashada,2,M,Suddha Thrayodasi,TUE,16-Aug-16,
Sravanam,2,M,Suddha Chaturdhasi,WED,17-Aug-16,
Dhanishta,2,M,Poornima,THUS,18-Aug-16,
Sathabhisham,2,M,Bahula Padyami,FRI,19-Aug-16,
Poorva Bhaadhra,2,M,Bahula Vidhiya,SAT,20-Aug-16,
Revathi,2,E**,Bahula Chavithi,MON,22-Aug-16,
Ashwani,2,M,Bahula Panchami,TUE,23-Aug-16,
Bharani,3,M,Bahula Saptami,WED,24-Aug-16,
Krutthika,3,E,Bahula Astami,THUS,25-Aug-16,
Rohini,4,B,Bahula Navami,FRI,26-Aug-16,
Mrugasira,4,M,Bahula Dasami,SAT,27-Aug-16,
Punarvasu,4,E,Bahula Dwadasi,MON,29-Aug-16,
Pushyami,4,E,Bahula Thrayodasi,TUE,30-Aug-16,
Aasleesha,4,E,Bahula Chaturdhasi,WED,31-Aug-16,
Magha,4,M,Amaavaasya,THUS,1-Sep-16,
Poorva Phalguni,4,M,Suddha Padyami,FRI,2-Sep-16,
Utthara Phalguni,4,B,Suddha Vidhiya,SAT,3-Sep-16,
Chitra,3,M,Suddha Chavithi,MON,5-Sep-16,
Swathi,3,B,Suddha Panchami,TUE,6-Sep-16,
Visakha,2,E,Suddha Shashti,WED,7-Sep-16,
Anuradha,2,M,Suddha Saptami,THUS,8-Sep-16,
Jyeshta,2,B,Suddha Astami,FRI,9-Sep-16,
Moola,1,E*,Suddha Navami,SAT,10-Sep-16,
Utthara Aaashada,1,B,Suddha Ekadasi,MON,12-Sep-16,
Sravanam,1,B,Suddha Dwadasi,TUE,13-Sep-16,
Dhanishta,1,B,Suddha Thrayodasi,WED,14-Sep-16,
Sathabhisham,1,B,Suddha Chaturdhasi,THUS,15-Sep-16,
Poorva Bhaadhra,1,B,Poornima,FRI,16-Sep-16,
Utthara Bhaadra,1,B,Bahula Padyami,SAT,17-Sep-16,
Ashwani,1,E,Bahula Thadhiya,MON,19-Sep-16,
Bharani,2,B,Bahula Chavithi,TUE,20-Sep-16,
Krutthika,2,M,Bahula Panchami,WED,21-Sep-16,
Rohini,2,E,Bahula Shashti,THUS,22-Sep-16,
Mrugasira,2,E*,Bahula Saptami,FRI,23-Sep-16,
Aardhra,3,B,Bahula Astami,SAT,24-Sep-16,
Pushyami,3,M,Bahula Ekadasi,MON,26-Sep-16,
Aasleesha,3,M,Bahula Dwadasi,TUE,27-Sep-16,
Magha,3,M,Bahula Thrayodasi,WED,28-Sep-16,
Poorva Phalguni,3,M,Bahula Chaturdhasi,THUS,29-Sep-16,
Utthara Phalguni,3,B,Amaavaasya,FRI,30-Sep-16,
Hastha,2,E,Suddha Padyami,SAT,1-Oct-16,
Swathi,2,B,Suddha Vidhiya,MON,3-Oct-16,
Visakha,2,B*,Suddha Thadhiya,TUE,4-Oct-16,
Anuradha,1,B,Suddha Chavithi,WED,5-Oct-16,
Jyeshta,1,B**,Suddha Panchami,THUS,6-Oct-16,
Jyeshta,4,E,Suddha Shashti,FRI,7-Oct-16,
Moola,4,M,Suddha Saptami,SAT,8-Oct-16,
Utthara Aaashada,3,E,Suddha Navami,MON,10-Oct-16,
Sravanam,3,E,Suddha Dasami,TUE,11-Oct-16,
Dhanishta,3,E,Suddha Ekadasi,WED,12-Oct-16,
Sathabhisham,3,E,Suddha Dwadasi,THUS,13-Oct-16,
Poorva Bhaadhra,3,E,Suddha Thrayodasi,FRI,14-Oct-16,
Utthara Bhaadra,4,M,Suddha Chaturdhasi,SAT,15-Oct-16,
Ashwani,4,E,Bahula Padyami,MON,17-Oct-16,
Bharani,3,M,Bahula Thadhiya,TUE,18-Oct-16,
Rohini,1,B,Bahula Chavithi,WED,19-Oct-16,
Mrugasira,1,M,Bahula Panchami,THUS,20-Oct-16,
Aardhra,1,E,Bahula Panchami,FRI,21-Oct-16,
Punarvasu,2,B*,Bahula Saptami,SAT,22-Oct-16,
Aasleesha,2,M,Bahula Navami,MON,24-Oct-16,
Magha,2,M,Bahula Dasami,TUE,25-Oct-16,
Poorva Phalguni,2,B,Bahula Ekadasi,WED,26-Oct-16,
Utthara Phalguni,1,E*,Bahula Dwadasi,THUS,27-Oct-16,
Hastha,1,E*,Bahula Thrayodasi,FRI,28-Oct-16,
Chitra,1,M,Bahula Chaturdhasi,SAT,29-Oct-16,
Swathi,4,E,Suddha Padyami,MON,31-Oct-16,
Visakha,4,M,Suddha Vidhiya,TUE,1-Nov-16,
Anuradha,3,E,Suddha Thadhiya,WED,2-Nov-16,
Jyeshta,3,M,Suddha Chavithi,THUS,3-Nov-16,
Moola,3,M,Suddha Panchami,FRI,4-Nov-16,
Poorva Aashada,2,E*,Suddha Panchami,SAT,5-Nov-16,
Sravanam,2,M,Suddha Saptami,MON,7-Nov-16,
Dhanishta,2,M,Suddha Astami,TUE,8-Nov-16,
Sathabhisham,2,M,Suddha Navami,WED,9-Nov-16,
Poorva Bhaadhra,2,M,Suddha Ekadasi,THUS,10-Nov-16,
Utthara Bhaadra,2,M,Suddha Dwadasi,FRI,11-Nov-16,
Revathi,3,B**,Suddha Thrayodasi,SAT,12-Nov-16,
Bharani,3,M,Poornima,MON,14-Nov-16,
Krutthika,3,E,Bahula Padyami,TUE,15-Nov-16,
Rohini,4,B,Bahula Vidhiya,WED,16-Nov-16,
Mrugasira,4,M,Bahula Thadhiya,THUS,17-Nov-16,
Aardhra,4,E,Bahula Chavithi,FRI,18-Nov-16,
Punarvasu,4,E,Bahula Panchami,SAT,19-Nov-16,
Aasleesha,4,E*,Bahula Saptami,MON,21-Nov-16,
Magha,4,E*,Bahula Astami,TUE,22-Nov-16,
Poorva Phalguni,4,E,Bahula Navami,WED,23-Nov-16,
Utthara Phalguni,4,M,Bahula Dasami,THUS,24-Nov-16,
Hastha,4,M,Bahula Ekadasi,FRI,25-Nov-16,
Chitra,3,E*,Bahula Dwadasi,SAT,26-Nov-16,
Visakha,3,B,Bahula Chaturdhasi,MON,28-Nov-16,
Anuradha,2,E,Amaavaasya,TUE,29-Nov-16,
Jyeshta,2,M,Suddha Padyami,WED,30-Nov-16,
Moola,2,B,Suddha Vidhiya,THUS,1-Dec-16,
Poorva Aashada,1,E,Suddha Thadhiya,FRI,2-Dec-16,
Utthara Aaashada,1,E,Suddha Chavithi,SAT,3-Dec-16,
Dhanishta,1,B,Suddha Shashti,MON,5-Dec-16,
Sathabhisham,1,B,Suddha Saptami,TUE,6-Dec-16,
Poorva Bhaadhra,1,B,Suddha Astami,WED,7-Dec-16,
Utthara Bhaadra,1,M,Suddha Navami,THUS,8-Dec-16,
Revathi,1,M,Suddha Dasami,FRI,9-Dec-16,
Ashwani,1,E,Suddha Ekadasi,SAT,10-Dec-16,
Krutthika,2,M,Suddha Thrayodasi,MON,12-Dec-16,
Rohini,2,M,Suddha Chaturdhasi,TUE,13-Dec-16,
Mrugasira,2,M,Poornima,WED,14-Dec-16,
Aardhra,3,B,Bahula Vidhiya,THUS,15-Dec-16,
Punarvasu,3,B,Bahula Thadhiya,FRI,16-Dec-16,
Pushyami,3,M,Bahula Chavithi,SAT,17-Dec-16,
Magha,3,M,Bahula Shashti,MON,19-Dec-16,
Poorva Phalguni,3,M,Bahula Saptami,TUE,20-Dec-16,
Utthara Phalguni,3,M,Bahula Astami,WED,21-Dec-16,
Hastha,3,B,Bahula Navami,THUS,22-Dec-16,
Chitra,2,E,Bahula Dasami,FRI,23-Dec-16,
Swathi,2,M,Bahula Ekadasi,SAT,24-Dec-16,
Anuradha,2,B**,Bahula Thrayodasi,MON,26-Dec-16,
Jyeshta,1,M,Bahula Thrayodasi,TUE,27-Dec-16,
Jyeshta,4,E**,Bahula Chaturdhasi,WED,28-Dec-16,
Moola,4,E,Amaavaasya,THUS,29-Dec-16,
Poorva Aashada,4,M,Suddha Padyami,FRI,30-Dec-16,
Utthara Aaashada,4,B,Suddha Vidhiya,SAT,31-Dec-16,
Dhanishta,3,E*,Suddha Chavithi,MON,2-Jan-17,
Sathabhisham,3,E,Suddha Panchami,TUE,3-Jan-17,
Poorva Bhaadhra,3,E*,Suddha Shashti,WED,4-Jan-17,
Utthara Bhaadra,4,B,Suddha Saptami,THUS,5-Jan-17,
Revathi,4,M,Suddha Astami,FRI,6-Jan-17,
Ashwani,4,M,Suddha Navami,SAT,7-Jan-17,
Rohini,1,B,Suddha Dwadasi,MON,9-Jan-17,
Mrugasira,1,M,Suddha Thrayodasi,TUE,10-Jan-17,
Aardhra,1,M,Suddha Chaturdhasi,WED,11-Jan-17,
Punarvasu,1,E*,Poornima,THUS,12-Jan-17,
Pushyami,2,B,Bahula Padyami,FRI,13-Jan-17,
Aasleesha,2,M,Bahula Vidhiya,SAT,14-Jan-17,
Poorva Phalguni,2,B,Bahula Chavithi,MON,16-Jan-17,
Utthara Phalguni,2,B,Bahula Panchami,TUE,17-Jan-17,
Hastha,1,E*,Bahula Shashti,WED,18-Jan-17,
Chitra,1,E,Bahula Saptami,THUS,19-Jan-17,
Swathi,1,E,Bahula Astami,FRI,20-Jan-17,
Visakha,1,B*,Bahula Navami,SAT,21-Jan-17,
Anuradha,4,B,Bahula Ekadasi,MON,23-Jan-17,
Jyeshta,3,E,Bahula Dwadasi,TUE,24-Jan-17,
Moola,3,M,Bahula Thrayodasi,WED,25-Jan-17,
Poorva Aashada,3,M,Bahula Chaturdhasi,THUS,26-Jan-17,
Utthara Aaashada,2,E*,Amaavaasya,FRI,27-Jan-17,
Sravanam,2,M,Suddha Padyami,SAT,28-Jan-17,
Sathabhisham,2,M,Suddha Thadhiya,MON,30-Jan-17,
Poorva Bhaadhra,2,M,Suddha Chavithi,TUE,31-Jan-17,
Utthara Bhaadra,2,E,Suddha Panchami,WED,1-Feb-17,
Revathi,2,E*,Suddha Shashti,THUS,2-Feb-17,
Ashwani,3,B,Suddha Saptami,FRI,3-Feb-17,
Bharani,3,M,Suddha Astami,SAT,4-Feb-17,
Rohini,3,E*,Suddha Dasami,MON,6-Feb-17,
Mrugasira,4,M,Suddha Ekadasi,TUE,7-Feb-17,
Aardhra,4,M,Suddha Dwadasi,WED,8-Feb-17,
Punarvasu,4,E,Suddha Thrayodasi,THUS,9-Feb-17,
Pushyami,4,E*,Suddha Chaturdhasi,FRI,10-Feb-17,
Aasleesha,4,E*,Poornima,SAT,11-Feb-17,
Poorva Phalguni,4,E*,Bahula Thadhiya,MON,13-Feb-17,
Utthara Phalguni,4,E,Bahula Chavithi,TUE,14-Feb-17,
Hastha,4,M,Bahula Panchami,WED,15-Feb-17,
Chitra,4,B,Bahula Panchami,THUS,16-Feb-17,
Swathi,3,E*,Bahula Shashti,FRI,17-Feb-17,
Visakha,3,M,Bahula Saptami,SAT,18-Feb-17,
Jyeshta,3,E,Bahula Navami,MON,20-Feb-17,
Moola,2,M,Bahula Dasami,TUE,21-Feb-17,
Poorva Aashada,2,B*,Bahula Ekadasi,WED,22-Feb-17,
Utthara Aaashada,1,E,Bahula Dwadasi,THUS,23-Feb-17,
Sravanam,1,E,Bahula Thrayodasi,FRI,24-Feb-17,
Dhanishta,1,B,Bahula Chaturdhasi,SAT,25-Feb-17,
Poorva Bhaadhra,1,B,Suddha Padyami,MON,27-Feb-17,
Utthara Bhaadra,1,B,Suddha Vidhiya,TUE,28-Feb-17,
Revathi,1,M,Suddha Thadhiya,WED,1-Mar-17,
Ashwani,1,M,Suddha Chavithi,THUS,2-Mar-17,
Bharani,1,E*,Suddha Panchami,FRI,3-Mar-17,
Krutthika,2,B,Suddha Shashti,SAT,4-Mar-17,
Mrugasira,2,M,Suddha Navami,MON,6-Mar-17,
Aardhra,3,B*,Suddha Dasami,TUE,7-Mar-17,
Punarvasu,3,B,Suddha Ekadasi,WED,8-Mar-17,
Pushyami,3,M,Suddha Dwadasi,THUS,9-Mar-17,
Aasleesha,3,M,Suddha Thrayodasi,FRI,10-Mar-17,
Magha,3,E,Suddha Chaturdhasi,SAT,11-Mar-17,
Utthara Phalguni,3,M,Bahula Padyami,MON,13-Mar-17,
Hastha,3,M,Bahula Vidhiya,TUE,14-Mar-17,
Chitra,3,B,Bahula Thadhiya,WED,15-Mar-17,
Swathi,2,E,Bahula Chavithi,THUS,16-Mar-17,
Visakha,2,M,Bahula Panchami,FRI,17-Mar-17,
Anuradha,2,M,Bahula Shashti,SAT,18-Mar-17,
Moola,1,B,Bahula Astami,MON,20-Mar-17,
Moola,4,E*,Bahula Astami,TUE,21-Mar-17,
Poorva Aashada,4,E,Bahula Navami,WED,22-Mar-17,
Utthara Aaashada,4,M,Bahula Dasami,THUS,23-Mar-17,
Sravanam,4,B,Bahula Ekadasi,FRI,24-Mar-17,
Dhanishta,4,B*,Bahula Dwadasi,SAT,25-Mar-17,
Poorva Bhaadhra,4,B,Bahula Chaturdhasi,MON,27-Mar-17,
Utthara Bhaadra,4,M,Amaavaasya,TUE,28-Mar-17,
Revathi,4,M,Suddha Padyami,WED,29-Mar-17,
Ashwani,4,M,Suddha Thadhiya,THUS,30-Mar-17,
Bharani,4,E,Suddha Chavithi,FRI,31-Mar-17,
